contact_id;email;phone_number
1000;bailey.freeda@gmail.com;(88)36535248
1012;bconnelly@gmail.com;(11)37037867
1015;cgutmann@nienow.com;(17)33477567
1019;gemmerich@yahoo.com;(11)95972165
1021;cronin.enid@gutkowski.com;(92)92853670
1031;royce76@torp.net;(31)71346859
1038;hank71@daniel.com;(35)54129119
1045;aurelio.brakus@gmail.com;(28)70647617
1053;nienow.hayley@macejkovic.com;(19)32878341
1057;douglas.braeden@schulist.net;(21)85519181
1058;null;(63)77645103
1064;null;(11)36004310
1075;null;(16)93728571
1083;null;(11)35755865
1090;null;(82)76784678
1092;null;(71)25444465
1094;null;(11)73955101
1107;null;(61)54362433
1113;pfannerstill.jamison@yahoo.com;(85)26226961
1114;nwiza@hotmail.com;(85)35347252
1115;grant.nina@jacobs.info;(48)86293198
1117;kmckenzie@walter.com;(17)67513349
1122;elliott71@hotmail.com;(31)38434859
1125;willa.bosco@yahoo.com;(11)34335108
1127;robel.isabelle@stamm.com;(11)60259495
1130;daisy.funk@gmail.com;(11)22454250
1131;ubarrows@yahoo.com;(21)67567498
1136;nayeli14@feil.com;(61)84006174
1143;quincy31@schamberger.com;(31)73515383
1144;sidney.turner@daniel.net;(24)42635450
1150;arne65@kulas.com;(91)23933213
1155;odie.leannon@gmail.com;(71)36874903
1173;lilly89@yahoo.com;(81)51259816
1175;schuppe.carole@hotmail.com;(84)34737154
1187;colby.kihn@yahoo.com;(14)31605890
1191;sammy.wiegand@gmail.com;(85)33546647
1193;hschaefer@fay.org;(63)93856056
1196;pbartell@gmail.com;(46)47528713
1198;mlangosh@gmail.com;(11)49848353
1204;jwalker@gmail.com;(91)73757905
1206;landen.murphy@adams.info;null
1211;mills.jaylin@yahoo.com;null
1226;ggrady@gmail.com;null
1230;alysha53@gmail.com;null
1232;hwaters@hotmail.com;null
1235;breitenberg.aubrey@rosenbaum.org;null
1242;ckreiger@donnelly.biz;null
1244;sophie52@hotmail.com;null
1246;theller@willms.org;null
1258;derek00@hotmail.com;null
1260;joaquin32@gmail.com;null
1262;daugherty.janie@cummings.com;null
1263;stanton38@yahoo.com;null
1274;hansen.donnell@prosacco.biz;null
1281;rolson@yahoo.com;null
1286;matt21@bednar.com;null
1292;kylie47@yahoo.com;null
1293;goodwin.beverly@yahoo.com;null
1299;ernie08@cremin.biz;null
1300;kory.price@nicolas.org;null
1301;simonis.esther@hotmail.com;null
1305;carmen71@altenwerth.biz;null
1309;pkessler@funk.net;null
1311;bridie.wisoky@hotmail.com;null
1316;elva.stamm@gmail.com;null
1317;block.howard@gmail.com;null
1318;csmith@gmail.com;null
1337;kuhlman.vern@torp.com;null
1343;kunde.christine@hermiston.com;null
1355;jeffery73@hotmail.com;null
1357;zion64@adams.com;null
1360;tillman.electa@gmail.com;null
1362;mariela.ruecker@christiansen.com;null
1363;lane.will@lesch.com;null
1364;lonzo.boehm@feest.com;null
1371;lukas.cronin@hilpert.com;null
1375;keebler.oran@gmail.com;null
1383;devin.schimmel@hotmail.com;null
1395;udooley@huel.com;null
1396;zieme.lexie@hotmail.com;null
1401;aarmstrong@hotmail.com;null
1406;mmayert@christiansen.com;null
1409;aokuneva@wintheiser.com;null
1413;hilda.ullrich@watsica.biz;null
1418;aylin.feeney@mohr.org;null
1421;guadalupe35@yahoo.com;null
1426;eliza85@yahoo.com;null
1430;michaela.sauer@hodkiewicz.com;null
1431;minerva26@hartmann.com;null
1447;jordyn.brekke@hotmail.com;null
1449;kveum@gmail.com;null
1450;hoppe.carleton@yahoo.com;null
1456;vena11@gaylord.com;(11)41237271
1459;okuneva.domenica@marquardt.com;(11)88113735
1460;vkunde@rutherford.com;(11)83564262
1468;null;(14)36399030
1471;null;(51)76219774
1476;null;(51)31232240
1478;null;(62)84987797
1487;null;(92)81004718
1489;modesto05@moen.com;(11)68519874
1501;frami.myron@ratke.com;(81)90872111
1509;hlegros@yahoo.com;(67)21829084
1512;felicita57@franecki.com;(81)89464459
1514;baby64@gmail.com;null
1516;lang.margarita@yahoo.com;null
1519;josue.conn@yahoo.com;(61)56448937
1520;kyra26@williamson.com;null
1524;dillon.blanda@gmail.com;(19)69105365
1526;jlehner@ernser.com;(18)97948270
1528;harber.casandra@gmail.com;(81)80923889
1534;xondricka@gmail.com;(31)52217549
1541;lucienne.fahey@lakin.com;null
1556;batz.john@gmail.com;(31)30464912
1560;tremaine.tillman@reilly.com;(11)98946332
1564;judson47@hotmail.com;null
1570;torp.zoie@hotmail.com;null
1574;claudia.zieme@stanton.com;null
1587;lola06@satterfield.com;(11)81347022
1597;kautzer.rosemary@hotmail.com;(16)70349416
1599;bernie47@gmail.com;(61)79488591
1600;mkuvalis@hotmail.com;(61)58847028
1610;zborer@hotmail.com;(62)91677221
1622;xdoyle@hotmail.com;(11)47852337
1625;farrell.marina@little.biz;(21)73743989
1634;null;(98)68326504
1635;blanda.amira@hotmail.com;(17)43552986
1636;lsteuber@lueilwitz.info;(21)86169572
1638;null;(92)81229009
1643;null;(41)95542065
1657;heaney.meaghan@volkman.com;(19)44859160
1663;jabari.kling@oconnell.org;(73)39638485
1670;hritchie@yahoo.com;null
1671;katlyn.reilly@hamill.info;null
1677;mkuhn@yahoo.com;null
1679;ischmeler@gmail.com;null
1682;david.miller@kozey.info;null
1692;daniel.alexie@fritsch.info;null
1699;murazik.ervin@gmail.com;null
1708;karlie.heller@yahoo.com;null
1714;elsa.kunde@gmail.com;null
1715;aritchie@langosh.com;null
1717;ankunding.justen@boyle.net;null
1720;turner.marvin@hotmail.com;null
1727;ghickle@yahoo.com;null
1731;rasheed32@lind.info;null
1755;stamm.howell@gmail.com;null
1759;xchristiansen@gmail.com;null
1766;weimann.payton@gmail.com;null
1769;pbruen@weber.org;null
1782;myrtice.ebert@prosacco.info;null
1784;effertz.judah@zulauf.com;null
1785;batz.amos@hotmail.com;(21)58345394
1786;alfreda80@beatty.org;(34)96213293
1792;null;(19)32156993
1801;romaguera.nella@yahoo.com;(22)64629343
1805;mvonrueden@bergstrom.com;(44)23748767
1808;halie52@carroll.com;(55)51104888
1823;kaelyn.daugherty@yahoo.com;(37)53976910
1824;kevon18@muller.com;(87)30342296
1828;onolan@gmail.com;(21)27829240
1831;irutherford@gislason.biz;(32)33768755
1838;emery68@gmail.com;(16)86858321
1849;glenna.lehner@gaylord.com;(44)66718587
1853;lang.karine@cronin.com;(27)37359473
1854;kunde.caleigh@yahoo.com;(47)30648175
1870;wiza.tracy@brown.com;(44)45403447
1872;ljenkins@huel.com;(17)92176099
1874;schumm.leann@hotmail.com;(31)77166075
1879;rmurphy@yahoo.com;(11)94538242
1881;adolf.cronin@hotmail.com;(11)41137509
1884;null;(71)24692623
1886;maida.monahan@gerlach.com;null
1888;ferry.carissa@gmail.com;null
1894;considine.pete@yahoo.com;null
1898;rahul92@hotmail.com;null
1900;hegmann.randi@hotmail.com;null
1913;shanahan.remington@lubowitz.com;null
1914;nora05@gmail.com;null
1921;richie.prohaska@wyman.com;(18)76354547
1928;landen.conroy@gmail.com;(54)25652771
1931;felton68@hotmail.com;(11)63757621
1934;beaulah.considine@gmail.com;(41)95645824
1936;cabbott@bartoletti.info;(16)56914393
1939;schultz.mabel@roberts.biz;(61)41886725
1942;okunde@brekke.net;(37)92445587
1943;emely.macejkovic@wilkinson.biz;(42)70738312
1954;pacocha.howell@gmail.com;(12)36578603
1958;jon84@gmail.com;(14)94859458
1963;oconner.rollin@gmail.com;(62)93499381
1964;marcelina.grady@gmail.com;(83)54349346
1965;abshire.louisa@hotmail.com;(17)30758834
1974;mtreutel@hotmail.com;(67)98038648
1975;angus.mcclure@gmail.com;(31)83854515
1977;shanelle37@hotmail.com;null
1984;johnathon.ernser@yahoo.com;null
1987;elvis.mckenzie@kutch.info;null
1993;hickle.ned@stehr.org;null
1994;doyle97@yahoo.com;null
1997;adalberto88@johnson.info;null
